No Part,Nama Part,Proses,Customer,Status
3211 - 00900,BRACKET,Proses 1,AISAN,Aktif
2411 - 02430,LEVER,Proses 1,AISAN,Aktif
17239 - 0L010,LINK TURBOCHARGER VANE CONTROL,Proses 1,AISAN,Aktif
4212-03550,RETAINER,Proses 1,AISAN,Aktif
4631 - 02430,RING - E,Proses 1,AISAN,Aktif
4631-03550,RING E,Proses 1,AISAN,Aktif
4613-00820,RING RETAINER,Proses 1,AISAN,Aktif
4451-09040-A,TERMINAL,Proses 1,AISAN,Aktif
4452-09040-A,TERMINAL,Proses 1,AISAN,Aktif
2112 - 03360 - B,VALVE THROTTLE,Proses 1,AISAN,Aktif
2112 - 03250 - A,VALVE THROTTLE,Proses 1,AISAN,Aktif
2112 - 0Y030 - B,VALVE THROTTLE,Proses 1,AISAN,Aktif
2112 - 03370 - B,VALVE THROTTLE,Proses 1,AISAN,Aktif
2112 - 03340 - B,VALVE THROTTLE,Proses 1,AISAN,Aktif
2112 - 65 - H743,VALVE THROTTLE,Proses 1,AISAN,Aktif
2112 - 65 - C652,VALVE THROTTLE,Proses 1,AISAN,Aktif
2112 - 0D140 - B,VALVE THROTTLE,Proses 1,AISAN,Aktif
2112 - 14CP1,VALVE THROTTLE,Proses 1,AISAN,Aktif
2112 - 0D110 - B,VALVE THROTTLE,Proses 1,AISAN,Aktif
2112 - 0C020 - B,VALVE THROTTLE,Proses 1,AISAN,Aktif
2112 - 03790,VALVE THROTTLE,Proses 1,AISAN,Aktif
2112 - 65 - M204,VALVE THROTTLE,Proses 1,AISAN,Aktif
2112 - 65 - L369,VALVE THROTTLE,Proses 1,AISAN,Aktif
2112 - 65 - L100,VALVE THROTTLE,Proses 1,AISAN,Aktif
2112 - 65 - M383,VALVE THROTTLE,Proses 1,AISAN,Aktif
2112 - 08710-A,VALVE THROTTLE,Proses 1,AISAN,Aktif
2112-08070-A,VALVE THROTTLE,Proses 1,AISAN,Aktif
2112-08840,VALVE THROTTLE,Proses 1,AISAN,Aktif
2112-08880,VALVE THROTTLE,Proses 1,AISAN,Aktif
2112-08970,VALVE THROTTLE,Proses 1,AISAN,Aktif
2112 - 03250 - B,VALVE THROTTLE,Proses 1,AISAN,Aktif
2112 - 0V020 - B,VALVE THROTTLE,Proses 1,AISAN,Aktif
2112 - 03110,VALVE THROTTLE,Proses 1,AISAN,Aktif
2112 - 03610,VALVE THROTTLE,Proses 1,AISAN,Aktif
2112 - 65 - L735,VALVE THROTTLE,Proses 1,AISAN,Aktif
2112 - 08100,VALVE THROTTLE,Proses 1,AISAN,Aktif
2112 - 08070,VALVE THROTTLE,Proses 1,AISAN,Aktif
2112 - N996,VALVE THROTTLE,Proses 1,AISAN,Aktif
2112 - 03650,VALVE THROTTLE,Proses 1,AISAN,Aktif
2112-08070,VALVE THROTTLE,Proses 1,AISAN,Aktif
2112 - 03350 - B,VALVE THROTTLE,Proses 1,AISAN,Aktif
2112 - 03140 - B,VALVE THROTTLE,Proses 1,AISAN,Aktif
2112 - 65 - L526,VALVE THROTTLE,Proses 1,AISAN,Aktif
2112 - 08140,VALVE THROTTLE,Proses 1,AISAN,Aktif
2112 - 08130,VALVE THROTTLE,Proses 1,AISAN,Aktif
2112 - 65 - K766,VALVE THROTTLE,Proses 1,AISAN,Aktif
2112 - 08130-A,VALVE THROTTLE,Proses 1,AISAN,Aktif
2112-08140-A,VALVE THROTTLE,Proses 1,AISAN,Aktif
2112 - 03740,VALVE THROTTLE,Proses 1,AISAN,Aktif
2112 - 02300,VALVE THROTTLE,Proses 1,AISAN,Aktif
2112 - 02480,VALVE THROTTLE,Proses 1,AISAN,Aktif
2112 - 0P050,VALVE THROTTLE,Proses 1,AISAN,Aktif
2112 - 03950,VALVE THROTTLE,Proses 1,AISAN,Aktif
2112 - 03960,VALVE THROTTLE,Proses 1,AISAN,Aktif
2X2112 - 08140,VALVE THROTTLE,Proses 1,AISAN,Aktif
2X2112 - 08390,VALVE THROTTLE,Proses 1,AISAN,Aktif
2X2112 - 03800,VALVE THROTTLE,Proses 1,AISAN,Aktif
2112 - 08320,VALVE THROTTLE,Proses 1,AISAN,Aktif
2112 - 65 - K330,VALVE THROTTLE,Proses 1,AISAN,Aktif
2112 - 65 - K317,VALVE THROTTLE,Proses 1,AISAN,Aktif
2112 - 65 - K532,VALVE THROTTLE,Proses 1,AISAN,Aktif
2112 - 65 - K153,VALVE THROTTLE,Proses 1,AISAN,Aktif
2112 - 65 - K474,VALVE THROTTLE,Proses 1,AISAN,Aktif
2112 - 65 - K440,VALVE THROTTLE,Proses 1,AISAN,Aktif
2112 - 65 - K887,VALVE THROTTLE,Proses 1,AISAN,Aktif
2113 - 65 - K887,VALVE THROTTLE,Proses 1,AISAN,Aktif
2112 - 65 - K720,VALVE THROTTLE,Proses 1,AISAN,Aktif
2112 - 65 - K726,VALVE THROTTLE,Proses 1,AISAN,Aktif
2112 - 65 - K858,VALVE THROTTLE,Proses 1,AISAN,Aktif
2112 - 65 - L080,VALVE THROTTLE,Proses 1,AISAN,Aktif
2112 - 65 - K881,VALVE THROTTLE,Proses 1,AISAN,Aktif
2112 - 65 - L321,VALVE THROTTLE,Proses 1,AISAN,Aktif
2114 - 65 - K887,VALVE THROTTLE,Proses 1,AISAN,Aktif
2112 - 65 - L358,VALVE THROTTLE,Proses 1,AISAN,Aktif
2113 - 65 - P187,VALVE THROTTLE,Proses 1,AISAN,Aktif
7811-07190,WASHER,Proses 1,AISAN,Aktif
52-41826-35150-01,LEVER AUTO ADJUSTER L.H,Proses 1,AKEBONO,Aktif
52-41826-45150-01,LEVER AUTO ADJUSTER R.H,Proses 1,AKEBONO,Aktif
YS94 - 304,ARM,Proses 1,ASAHI DENSO,Aktif
YE49-302A,BAND (A),Proses 1,ASAHI DENSO,Aktif
YE49-302,BAND (A),Proses 1,ASAHI DENSO,Aktif
YE49-303A,BAND (B),Proses 1,ASAHI DENSO,Aktif
YE49-303,BAND (B),Proses 1,ASAHI DENSO,Aktif
ZYG544-301,BAND A,Proses 1,ASAHI DENSO,Aktif
YE49-031A,BAND COMP,Proses 1,ASAHI DENSO,Aktif
YE49-031,BAND COMP,Proses 1,ASAHI DENSO,Aktif
ZHM001-401,BAR LOCK,Proses 1,ASAHI DENSO,Aktif
ZHM004-401,BAR LOCK,Proses 1,ASAHI DENSO,Aktif
ZHM001-041,BAR LOCK COMP,Proses 1,ASAHI DENSO,Aktif
ZHM004-041,BAR LOCK COMP,Proses 1,ASAHI DENSO,Aktif
ZHL301 - 302,CAP,Proses 1,ASAHI DENSO,Aktif
VHMI - 306,CLAMP CORD,Proses 1,ASAHI DENSO,Aktif
P-156,CONTACT,Proses 1,ASAHI DENSO,Aktif
P-105,CONTACT,Proses 1,ASAHI DENSO,Aktif
YE83 - 301,COVER,Proses 1,ASAHI DENSO,Aktif
ZYE002A-301,COVER,Proses 1,ASAHI DENSO,Aktif
1.384e-298,COVER,Proses 1,ASAHI DENSO,Aktif
P - 391,EARTH PLATE,Proses 1,ASAHI DENSO,Aktif
ZP-002,EARTH PLATE,Proses 1,ASAHI DENSO,Aktif
ZP-002A,EARTH PLATE,Proses 1,ASAHI DENSO,Aktif
NSM1 - 301,KEY,Proses 1,ASAHI DENSO,Aktif
NVYM3 - 301,KEY,Proses 1,ASAHI DENSO,Aktif
NYM3 - 301D,KEY,Proses 1,ASAHI DENSO,Aktif
NKM1 - 301,KEY,Proses 1,ASAHI DENSO,Aktif
TM611-301,KEY,Proses 1,ASAHI DENSO,Aktif
ZSM004 - 301,KEY,Proses 1,ASAHI DENSO,Aktif
NYM3-301D,KEY,Proses 1,ASAHI DENSO,Aktif
ZYM013-301,KEY,Proses 1,ASAHI DENSO,Aktif
ZYM002-301A,KEY,Proses 1,ASAHI DENSO,Aktif
ZYM026-301,KEY,Proses 1,ASAHI DENSO,Aktif
NYM1 - 301,KEY MAIN SWITCH,Proses 1,ASAHI DENSO,Aktif
SM15 - 301,KEY MOLD,Proses 1,ASAHI DENSO,Aktif
ZHM001-301,KEY MOLD,Proses 1,ASAHI DENSO,Aktif
ZHM004-301,KEY MOLD,Proses 1,ASAHI DENSO,Aktif
ZHM004-302,KEY MOLD,Proses 1,ASAHI DENSO,Aktif
ZSM007-301,KEY MOLD,Proses 1,ASAHI DENSO,Aktif
NSL302A - 301,LEVER,Proses 1,ASAHI DENSO,Aktif
ZHG518-302,LEVER,Proses 1,ASAHI DENSO,Aktif
ZHG518-023,LEVER_COMP,Proses 1,ASAHI DENSO,Aktif
YM431-302A,LOCK PLATE,Proses 1,ASAHI DENSO,Aktif
NYL303 - 301A,PLATE,Proses 1,ASAHI DENSO,Aktif
ZAB001-305,PLATE,Proses 1,ASAHI DENSO,Aktif
ZHM002-303,PLATE,Proses 1,ASAHI DENSO,Aktif
YT113-301,PLATE,Proses 1,ASAHI DENSO,Aktif
ZYE008-308,PLATE,Proses 1,ASAHI DENSO,Aktif
ZHM007-302,PLATE,Proses 1,ASAHI DENSO,Aktif
ZHM003-303,PLATE,Proses 1,ASAHI DENSO,Aktif
ZYE008 - 022,ROLLER COMP,Proses 1,ASAHI DENSO,Aktif
ZHM001-303,SLIDER,Proses 1,ASAHI DENSO,Aktif
ZHM007-303,SLIDER,Proses 1,ASAHI DENSO,Aktif
VYE1 - 301,TERMINAL - A,Proses 1,ASAHI DENSO,Aktif
ZYG528-301,TERMINAL - A,Proses 1,ASAHI DENSO,Aktif
ZYG528-302,TERMINAL - B,Proses 1,ASAHI DENSO,Aktif
ZYG528-303,TERMINAL - C,Proses 1,ASAHI DENSO,Aktif
ZHG513-301,TERMINAL A,Proses 1,ASAHI DENSO,Aktif
ZHG513-302,TERMINAL B,Proses 1,ASAHI DENSO,Aktif
ZHG513-021,TERMINAL BASE COMP,Proses 1,ASAHI DENSO,Aktif
ZHG513-303,TERMINAL C,Proses 1,ASAHI DENSO,Aktif
SZ108-302,VALVE SHEET,Proses 1,ASAHI DENSO,Aktif
KT1-301,VALVE SHEET,Proses 1,ASAHI DENSO,Aktif
VHMI - 307,WASHER,Proses 1,ASAHI DENSO,Aktif
AE162761-0400,HOLDER BRUSH,Proses 1,DMIA,Aktif
AE272773-0020,HOLDER BRUSH,Proses 1,DMIA,Aktif
AE272773-5000,HOLDER BRUSH,Proses 1,DMIA,Aktif
AE272773-0110,HOLDER BRUSH,Proses 1,DMIA,Aktif
AE272773-5030,HOLDER BRUSH,Proses 1,DMIA,Aktif
AE059506-1020,PLATE CAM,Proses 1,DMIA,Aktif
059335-1810,PLATE TERMINAL,Proses 1,DMIA,Aktif
059335-1820,PLATE TERMINAL,Proses 1,DMIA,Aktif
059335-1830,PLATE TERMINAL,Proses 1,DMIA,Aktif
059335-1890,PLATE TERMINAL,Proses 1,DMIA,Aktif
059335-1900,PLATE TERMINAL,Proses 1,DMIA,Aktif
059335-1910,PLATE TERMINAL,Proses 1,DMIA,Aktif
AE272731-0030,SHEET ARMATURE CORE,Proses 1,DMIA,Aktif
AE137330-0110,SHEET SUB ASSY ARMATURE CORE,Proses 1,DMIA,Aktif
AE059125-0163,TERMINAL,Proses 1,DMIA,Aktif
AE160915-0030,TERMINAL,Proses 1,DMIA,Aktif
AE160915-0040,TERMINAL,Proses 1,DMIA,Aktif
AE062497-0200,WASHER,Proses 1,DMIA,Aktif
JK949350 - 9060,CLIP CORD,Proses 1,DNIA,Aktif
JK949350 - 9160,CLIP CORD,Proses 1,DNIA,Aktif
JK949350 - 9200,CLIP CORD,Proses 1,DNIA,Aktif
JK949350 - 9190,CLIP CORD,Proses 1,DNIA,Aktif
JK949350-9331,CLIP CORD,Proses 1,DNIA,Aktif
JK949350 - 8970,CLIP CORD (8970),Proses 1,DNIA,Aktif
JK949350 - 8980,CLIP CORD (8980),Proses 1,DNIA,Aktif
JK037210 - 5821 & 5820,CORE ASSY STATOR,Proses 1,DNIA,Aktif
JK037210 - 6000,CORE ASSY STATOR,Proses 1,DNIA,Aktif
JK037210 - 6070,CORE ASSY STATOR,Proses 1,DNIA,Aktif
JK037210 - 6230,CORE ASSY STATOR,Proses 1,DNIA,Aktif
JK037210 - 5200,CORE ASSY STATOR ( 5200 ),Proses 1,DNIA,Aktif
JK037210 - 5230,CORE ASSY STATOR ( 5230 ),Proses 1,DNIA,Aktif
JK037210 - 5320,CORE ASSY STATOR ( 5320 ),Proses 1,DNIA,Aktif
JK037210 - 5700,CORE ASSY STATOR ( 5700 ),Proses 1,DNIA,Aktif
JK037210 - 5000,CORE ASSY STATOR (5000),Proses 1,DNIA,Aktif
JK037210 - 5010,CORE ASSY STATOR (5010),Proses 1,DNIA,Aktif
JK037210 - 5020,CORE ASSY STATOR (5020),Proses 1,DNIA,Aktif
JK029816 - 1011,CORE AUXILIARY,Proses 1,DNIA,Aktif
JK029816 - 1021,CORE AUXILIARY,Proses 1,DNIA,Aktif
JK029816 - 1490 & 1480,CORE AUXILIARY,Proses 1,DNIA,Aktif
JK021506 - 0200,COVER BEARING,Proses 1,DNIA,Aktif
JK028304 - 6580,COVER CLUTCH,Proses 1,DNIA,Aktif
234098 - 6000,COVER FILTER,Proses 1,DNIA,Aktif
JK126970 - 0330,FIN,Proses 1,DNIA,Aktif
094837 - 0040,FRAME,Proses 1,DNIA,Aktif
JK028522 - 5170,PLATE,Proses 1,DNIA,Aktif
JK028512 - 5610,PLATE BRUSH HOLDER,Proses 1,DNIA,Aktif
JK028512 - 5640,PLATE BRUSH HOLDER,Proses 1,DNIA,Aktif
JK028512 - 5690,PLATE BRUSH HOLDER,Proses 1,DNIA,Aktif
JK021411 - 0450,PLATE RETAINER,Proses 1,DNIA,Aktif
JK029836 - 2060,PLATE TERMINAL,Proses 1,DNIA,Aktif
JK029836 - 2180,PLATE TERMINAL,Proses 1,DNIA,Aktif
JK021602 - 6790,PLATE TERMINAL,Proses 1,DNIA,Aktif
JK029836 - 2250,PLATE TERMINAL,Proses 1,DNIA,Aktif
JK029836 - 2061,PLATE TERMINAL,Proses 1,DNIA,Aktif
JK038747 - 2430,POLE MAGNET,Proses 1,DNIA,Aktif
JK038747 - 2700,POLE MAGNET,Proses 1,DNIA,Aktif
JK038747 - 2910,POLE MAGNET,Proses 1,DNIA,Aktif
JK038747 - 2930,POLE MAGNET,Proses 1,DNIA,Aktif
JK038747 - 3030,POLE MAGNET,Proses 1,DNIA,Aktif
JK038747-3250,POLE MAGNET,Proses 1,DNIA,Aktif
JK038747-3260,"POLE, MAGNET",Proses 1,DNIA,Aktif
028327 - 5190,RETAINER SNAP,Proses 1,DNIA,Aktif
065507-0280,RING GASKET,Proses 1,DNIA,Aktif
JK234028 - 2360,RING SPACER,Proses 1,DNIA,Aktif
JK234028 - 2370,RING SPACER,Proses 1,DNIA,Aktif
JK234028 - 2380,RING SPACER,Proses 1,DNIA,Aktif
150522-0010,RING SPACER,Proses 1,DNIA,Aktif
150255-0020,RING SPACER,Proses 1,DNIA,Aktif
150255-0030,RING SPACER,Proses 1,DNIA,Aktif
JK-037210-640,STATOR CORE ASSY,Proses 1,DNIA,Aktif
094834 - 0040,TERMINAL,Proses 1,DNIA,Aktif
JK029836 - 1520,TERMINAL PLATE,Proses 1,DNIA,Aktif
JK029836 - 1610,TERMINAL PLATE,Proses 1,DNIA,Aktif
JK038353 - 0920,TERMINAL PRIMARY,Proses 1,DNIA,Aktif
JK038353 - 0990,TERMINAL PRIMARY,Proses 1,DNIA,Aktif
JK038353 - 1010,TERMINAL PRIMARY,Proses 1,DNIA,Aktif
JK038353 - 1050,TERMINAL PRIMARY,Proses 1,DNIA,Aktif
JK038353 - 1070,TERMINAL PRIMARY,Proses 1,DNIA,Aktif
JK038353 - 1080,TERMINAL PRIMARY,Proses 1,DNIA,Aktif
5-038535-599,TERMINAL PRIMARY,Proses 1,DNIA,Aktif
5-038353-590,TERMINAL PRIMARY,Proses 1,DNIA,Aktif
JK038353 - 0760,TERMINAL PRIMARY (0760),Proses 1,DNIA,Aktif
JK038353 - 0860,TERMINAL PRIMARY (0860),Proses 1,DNIA,Aktif
JK029831 - 0790,TERMINAL PRIMARY B+,Proses 1,DNIA,Aktif
JK029831 - 0800,TERMINAL PRIMARY C-,Proses 1,DNIA,Aktif
JK029947 - 1190,TERMINAL SPOOL SECONDARY,Proses 1,DNIA,Aktif
JK029947 - 1540,TERMINAL SPOOL SECONDARY,Proses 1,DNIA,Aktif
JK029947 - 1700,TERMINAL SPOOL SECONDARY,Proses 1,DNIA,Aktif
JK029947 - 1690,TERMINAL SPOOL SECONDARY,Proses 1,DNIA,Aktif
JK038353-1220,"TERMINAL, PRIMARY",Proses 1,DNIA,Aktif
JK065544 - 2360,WASHER PACKING,Proses 1,DNIA,Aktif
CFAS3-107C4,C SLEEVE (S) ID,Proses 1,FUJIKURA,Aktif
20728337-Cr3,ARMATURE,Proses 1,HARMONIC,Aktif
20728331B-Cr3,ARMATURE,Proses 1,HARMONIC,Aktif
20936330-Cr Free,ARMATURE,Proses 1,HARMONIC,Aktif
20728337,ARMATURE,Proses 1,HARMONIC,Aktif
0728029X2,ARMATURE,Proses 1,HARMONIC,Aktif
20832332-79,ARMATURE,Proses 1,HARMONIC,Aktif
0727200X32,ARMATURE,Proses 1,HARMONIC,Aktif
20728331A,ARMATURE - A2,Proses 1,HARMONIC,Aktif
20728332A,ARMATURE - A3,Proses 1,HARMONIC,Aktif
20728015-Cr3,YOKE - A,Proses 1,HARMONIC,Aktif
20639011-Cr Free,YOKE - A,Proses 1,HARMONIC,Aktif
20936010,YOKE - A,Proses 1,HARMONIC,Aktif
20639011,YOKE - A,Proses 1,HARMONIC,Aktif
0728029X1,YOKE - A,Proses 1,HARMONIC,Aktif
20832011-1,YOKE - A,Proses 1,HARMONIC,Aktif
0727200X1,YOKE - A,Proses 1,HARMONIC,Aktif
20728012A-Cr3,YOKE - A2,Proses 1,HARMONIC,Aktif
20728012A,YOKE - A2,Proses 1,HARMONIC,Aktif
20728010,YOKE - A3,Proses 1,HARMONIC,Aktif
20639020-Cr3,YOKE - B,Proses 1,HARMONIC,Aktif
20639020,YOKE - B,Proses 1,HARMONIC,Aktif
3B17007-1,JOINT,Proses 1,HITACHI,Aktif
3B16887-1,LEVER INDICATOR,Proses 1,HITACHI,Aktif
3B16890-1,PROTECTOR,Proses 1,HITACHI,Aktif
5B3729-2,RETAINER,Proses 1,HITACHI,Aktif
3B16857-1,STOPPER,Proses 1,HITACHI,Aktif
3B81423-1,WASHER,Proses 1,HITACHI,Aktif
3767-KVB0-0000,TERMINAL L,Proses 1,IDBP,Aktif
3767-K0P0-0100,TERMINAL L,Proses 1,IDBP,Aktif
3767-KVB0-0100,TERMINAL R,Proses 1,IDBP,Aktif
3767-K0P0-0200,TERMINAL R,Proses 1,IDBP,Aktif
3503-K400-00A2-0G00,VALVE THROTTLE,Proses 1,IDBP,Aktif
3503-PG7A-Z040,VALVE THROTTLE,Proses 1,IDBP,Aktif
3503-PS40-0000-0G00,VALVE THROTTLE BLANK,Proses 1,IDBP,Aktif
3503-TA10-0000-0G00,VALVE THROTTLE BLANK,Proses 1,IDBP,Aktif
3503-TB10-0000-0G00,VALVE THROTTLE BLANK,Proses 1,IDBP,Aktif
2BM-E3316-00,COVER PUMP (2BM1),Proses 1,IHARA,Aktif
2PH-E3316-10,COVER PUMP (2PH3),Proses 1,IHARA,Aktif
5MX-E3316-00,COVER PUMP (5MX),Proses 1,IHARA,Aktif
5P0-E3316-00,COVER PUMP (5P01),Proses 1,IHARA,Aktif
B65-E3316-01,COVER PUMP (B651),Proses 1,IHARA,Aktif
B6H-E3316-00,COVER PUMP (B6H1),Proses 1,IHARA,Aktif
B74-E3316-00,COVER PUMP (B741),Proses 1,IHARA,Aktif
DA4-E3316-00,"COVER, PUMP",Proses 1,IHARA,Aktif
B3M-E1165-00,PLATE BREATHER,Proses 1,IHARA,Aktif
2DP-E1165-00,PLATE BREATHER (2DP1),Proses 1,IHARA,Aktif
54P-E1165-00,PLATE BREATHER (54P1),Proses 1,IHARA,Aktif
ILB-1165-00,PLATE BREATHER (ILB),Proses 1,IHARA,Aktif
BK6-E1165-00,PLATE BREATHER BK61),Proses 1,IHARA,Aktif
90201-152L1,"WASHER, PLATE",Proses 1,IHARA,Aktif
0017-00157-94-A1,ASSY BRIDGE PLATE COMP,Proses 1,INS,Aktif
0048-01256-90-00-02,BOSS PLATE ( DN ),Proses 1,INS,Aktif
0048-01257-90-00-01,BOSS PLATE ( UP ),Proses 1,INS,Aktif
0017-00157-95-00,BRIDGE PLATE,Proses 1,INS,Aktif
0576-00185-9R-00-00,CELL HOLDER,Proses 1,INS,Aktif
0576-00188-90-00-01,CELL HOLDER,Proses 1,INS,Aktif
0001-00419-93-00-01,FRAME B - 1DK,Proses 1,INS,Aktif
0001-00420-95-00,FRAME B - 1UK,Proses 1,INS,Aktif
0015-00067-93-00,HAIR SPRING HOLDER,Proses 1,INS,Aktif
0010-00118-90-00-01,MAGNET COVER,Proses 1,INS,Aktif
0151-00012-9M-00-00,MAIN FRAME,Proses 1,INS,Aktif
0001-00588-90-00-00,MAIN FRAME B - 1UK,Proses 1,INS,Aktif
0505-01107-93-00,POINTER BALANCER,Proses 1,INS,Aktif
505-1129-90-00-2,POINTER BALANCER,Proses 1,INS,Aktif
0505-01154-91-00,POINTER BALANCER,Proses 1,INS,Aktif
0505-01805-90-00-00,POINTER WEIGHT 1,Proses 1,INS,Aktif
0505-01806-90-00-00,POINTER WEIGHT 2,Proses 1,INS,Aktif
0505-01807-90-00-00,POINTER WEIGHT 3,Proses 1,INS,Aktif
0011-00130-90-00-04,ROTOR,Proses 1,INS,Aktif
0011-00217-90-00-02,ROTOR,Proses 1,INS,Aktif
031-0004-92-00,ROUND WEDGE,Proses 1,INS,Aktif
505-1056-90-00,SHISHIN OMORI,Proses 1,INS,Aktif
0505-01423-91-00,SHISHIN OMORI,Proses 1,INS,Aktif
0548-00784-90-00-01,TERMINAL,Proses 1,INS,Aktif
0548-00786-90-00-02,TERMINAL,Proses 1,INS,Aktif
0548-00797-90-00-00,TERMINAL,Proses 1,INS,Aktif
0548-00737-90-00-00,TERMINAL,Proses 1,INS,Aktif
0548-00837-90-00-00,TERMINAL,Proses 1,INS,Aktif
0548-00553-93-00,TERMINAL - 1,Proses 1,INS,Aktif
0548-00638-90-00,TERMINAL - 1,Proses 1,INS,Aktif
0548-00700-90-00-00,TERMINAL - 1,Proses 1,INS,Aktif
0548-00715-90-00-00,TERMINAL - 1,Proses 1,INS,Aktif
0548-00554-90-00,TERMINAL - 2,Proses 1,INS,Aktif
0548-00639-90-00,TERMINAL - 2,Proses 1,INS,Aktif
0548-00701-90-00-00,TERMINAL - 2,Proses 1,INS,Aktif
0548-00716-90-00-00,TERMINAL - 2,Proses 1,INS,Aktif
0548-00640-90-00,TERMINAL - 3,Proses 1,INS,Aktif
0548-00744-90-00-00,TERMINAL 1,Proses 1,INS,Aktif
0548-00745-90-00-00,TERMINAL 2,Proses 1,INS,Aktif
0053-00290-92-00,WASHER,Proses 1,INS,Aktif
0053-00280-96-00,WASHER (TOTAL COMP),Proses 1,INS,Aktif
E402004 a,LEVER,Proses 1,ISHIKAWA(IMC TEKNO),Aktif
E411004,LEVER,Proses 1,ISHIKAWA(IMC TEKNO),Aktif
E43004,LEVER,Proses 1,ISHIKAWA(IMC TEKNO),Aktif
E402017,LEVER,Proses 1,ISHIKAWA(IMC TEKNO),Aktif
E495005-1 A,LEVER,Proses 1,ISHIKAWA(IMC TEKNO),Aktif
49P-85568-00,EARTH TERMINAL 1,Proses 1,KEPI,Aktif
49P-85563-00,TERMINAL 1,Proses 1,KEPI,Aktif
49P-85578-00,TERMINAL 3,Proses 1,KEPI,Aktif
1WD-81845-00,PLATE,Proses 1,KYOI DENKI,Aktif
A9485-701-01,BRKT,Proses 1,MAPI,Aktif
A6310-284-00,COLLAR A,Proses 1,MAPI,Aktif
A6669-796-00,COLLAR B,Proses 1,MAPI,Aktif
A3372-633-00,COLLAR INSERT,Proses 1,MAPI,Aktif
B7025-771-00,CONTACT PLATE,Proses 1,MAPI,Aktif
B5535-182-00,CONTACT UNIT,Proses 1,MAPI,Aktif
B3869-343-00,FLANGE,Proses 1,MAPI,Aktif
B8528-615-00,FRAME,Proses 1,MAPI,Aktif
A8408-121-01,PLATE CARIER,Proses 1,MAPI,Aktif
A9902-104-00,PLATE CARIER,Proses 1,MAPI,Aktif
A0311-347-01,RELAY PLATE P,Proses 1,MAPI,Aktif
A4846-897-01,TERMINAL GROUND,Proses 1,MAPI,Aktif
60K-3A153-0002,ARMATURE,Proses 1,MAS-I,Aktif
KWB-20340-4000,BAR COMP LOCK,Proses 1,MAS-I,Aktif
KPH-20340-4500,BAR COMP LOCK,Proses 1,MAS-I,Aktif
GGK-20340-4001,BAR COMP LOCK,Proses 1,MAS-I,Aktif
KZL-20340-4100,BAR COMP LOCK,Proses 1,MAS-I,Aktif
KVY-20340-4000,BAR COMP LOCK,Proses 1,MAS-I,Aktif
KZV-20340-4001,BAR COMP LOCK,Proses 1,MAS-I,Aktif
KWB-20341-4000,BAR LOCK,Proses 1,MAS-I,Aktif
KPH-20341-4503,BAR LOCK,Proses 1,MAS-I,Aktif
GGK-20341-4000,BAR LOCK,Proses 1,MAS-I,Aktif
KZL-20341-4100,BAR LOCK,Proses 1,MAS-I,Aktif
KVY-20341-4000,BAR LOCK,Proses 1,MAS-I,Aktif
KZV-20341-4001,BAR LOCK,Proses 1,MAS-I,Aktif
KW3-20121-3007,BLANK KEY,Proses 1,MAS-I,Aktif
35K-20651-4000-D,BUSBAR,Proses 1,MAS-I,Aktif
K1A-20651-4001,BUSBAR,Proses 1,MAS-I,Aktif
12K-20651-4002,BUSBAR,Proses 1,MAS-I,Aktif
K1A-20651-4000,BUSBAR MATERIAL,Proses 1,MAS-I,Aktif
12K-23328-4000,CAP EMERGENCY,Proses 1,MAS-I,Aktif
B01-20431-4001,CAP INNER,Proses 1,MAS-I,Aktif
K38-40431-100A,CAP INNER,Proses 1,MAS-I,Aktif
A30-45431-0007,CAP INNER,Proses 1,MAS-I,Aktif
F74-21431-0003,CAP INNER,Proses 1,MAS-I,Aktif
GFC-20431-4102,CAP INNER,Proses 1,MAS-I,Aktif
F77-21431-0103,CAP INNER,Proses 1,MAS-I,Aktif
KVF-20431-4000,CAP INNER,Proses 1,MAS-I,Aktif
KVG-20431-4000,CAP INNER,Proses 1,MAS-I,Aktif
G81-20431-3003,CAP INNER,Proses 1,MAS-I,Aktif
K38-40322-1006,CAP OUTER,Proses 1,MAS-I,Aktif
K64-40322-5003,CAP OUTER,Proses 1,MAS-I,Aktif
A91-20522-4002,CLAMPER CORD,Proses 1,MAS-I,Aktif
B50-20522-4001,CLAMPER CORD,Proses 1,MAS-I,Aktif
D04-21522-0001,CLAMPER CORD,Proses 1,MAS-I,Aktif
G40-20522-3006,CLAMPER CORD,Proses 1,MAS-I,Aktif
A58-21522-3004,CLAMPER CORD,Proses 1,MAS-I,Aktif
D20-20522-4000,CLAMPER CORD,Proses 1,MAS-I,Aktif
MR5-2222P-L009,CONTACT RIGID A,Proses 1,MAS-I,Aktif
I50-2222P-N004,CONTACT RIGID A,Proses 1,MAS-I,Aktif
MR5-2222Q-L009,CONTACT RIGID B,Proses 1,MAS-I,Aktif
I50-2222Q-N004,CONTACT RIGID B,Proses 1,MAS-I,Aktif
G40-20323-3003,COVER BODY,Proses 1,MAS-I,Aktif
A96-20323-4101,COVER BODY,Proses 1,MAS-I,Aktif
D20-20323-4000,COVER BODY,Proses 1,MAS-I,Aktif
KTM-20323-4300,COVER BODY,Proses 1,MAS-I,Aktif
GT4-20323-4000,COVER BODY,Proses 1,MAS-I,Aktif
K36-41432-2006,COVER INNER CAP,Proses 1,MAS-I,Aktif
A00-45323-0010,COVER LOCK,Proses 1,MAS-I,Aktif
B07-47427-0000,CPLG SEAT LOCK,Proses 1,MAS-I,Aktif
F77-2142A-0107,GUIDE KEY,Proses 1,MAS-I,Aktif
G47-43331-2001,HINGE,Proses 1,MAS-I,Aktif
G37-43345-2006,HOLDER PACKING,Proses 1,MAS-I,Aktif
MGP-43345-2001,HOLDER PACKING,Proses 1,MAS-I,Aktif
D04-21120-1004,KEY,Proses 1,MAS-I,Aktif
F74-21121-0006,KEY BLANK,Proses 1,MAS-I,Aktif
D20-20121-4002,KEY BLANK,Proses 1,MAS-I,Aktif
35K-H2111-0000,KNOB PLATE,Proses 1,MAS-I,Aktif
27K-H2115-0002,LEVER LH CABLE,Proses 1,MAS-I,Aktif
K0R-H2115-0001-D,LEVER LH CABLE,Proses 1,MAS-I,Aktif
27K-H2114-0001,LEVER RH CABLE,Proses 1,MAS-I,Aktif
K0R-H2114-0000-D,LEVER RH CABLE,Proses 1,MAS-I,Aktif
K58-20106-4009,PATE KEY NUMBER,Proses 1,MAS-I,Aktif
R35-2213A-J002,PIN COIL,Proses 1,MAS-I,Aktif
N17-E032M-0001-D,PIVOT LOCKER RING,Proses 1,MAS-I,Aktif
N17-E032F-0001-D,PIVOT SLIDER WASHER,Proses 1,MAS-I,Aktif
N17-E032L-0001-D,PIVOT WASHER RING,Proses 1,MAS-I,Aktif
27K-H2120-0101,PLAIN WASHER,Proses 1,MAS-I,Aktif
I61-47322-3000,PLATE BACK,Proses 1,MAS-I,Aktif
KWW-4B322-0000,PLATE BACK,Proses 1,MAS-I,Aktif
F47-46322-0003,PLATE BACK,Proses 1,MAS-I,Aktif
KVG-4B322-0000,PLATE BACK,Proses 1,MAS-I,Aktif
35K-4B322-0000,PLATE BACK,Proses 1,MAS-I,Aktif
K1A-4B322-0000-D,PLATE BACK,Proses 1,MAS-I,Aktif
G97-4732C-3001,PLATE BACK,Proses 1,MAS-I,Aktif
G73-22127-H003,PLATE BODY,Proses 1,MAS-I,Aktif
D15-47343-3001,PLATE CAM,Proses 1,MAS-I,Aktif
I86-47427-0000-D,PLATE CAM,Proses 1,MAS-I,Aktif
KPH-47427-0000,PLATE CAM,Proses 1,MAS-I,Aktif
KPW-47427-0000,PLATE CAM,Proses 1,MAS-I,Aktif
KPN-47427-0000,PLATE CAM,Proses 1,MAS-I,Aktif
45K-47427-0000,PLATE CAM,Proses 1,MAS-I,Aktif
KWC-42427-0000,PLATE CAM,Proses 1,MAS-I,Aktif
B50-20534-4102,PLATE CONTACT,Proses 1,MAS-I,Aktif
D20-20534-4001,PLATE CONTACT,Proses 1,MAS-I,Aktif
04C-22143-S001-0S,PLATE CONTACT,Proses 1,MAS-I,Aktif
MR5-22143-L005,PLATE CONTACT,Proses 1,MAS-I,Aktif
B38-20534-4002,PLATE CONTACT,Proses 1,MAS-I,Aktif
G73-22143-H005,PLATE CONTACT STMG,Proses 1,MAS-I,Aktif
46K-4B326-0000,PLATE COVER,Proses 1,MAS-I,Aktif
35K-4B326-0000,PLATE COVER,Proses 1,MAS-I,Aktif
56K-4B326-0000-D,PLATE COVER,Proses 1,MAS-I,Aktif
56K-4B326-0100,PLATE COVER,Proses 1,MAS-I,Aktif
81K-4B326-0000,PLATE COVER,Proses 1,MAS-I,Aktif
K1A-4B326-0000-D,PLATE COVER,Proses 1,MAS-I,Aktif
H35-4730A-3301,PLATE LOCK,Proses 1,MAS-I,Aktif
G03-43364-2002,PLATE LOCK,Proses 1,MAS-I,Aktif
GFC-2052B-4001,PLATE PUSH,Proses 1,MAS-I,Aktif
A80-2052B-4104,PLATE PUSH,Proses 1,MAS-I,Aktif
35K-2052B-4000,PLATE PUSH,Proses 1,MAS-I,Aktif
D05-43366-2000,PLATE SET,Proses 1,MAS-I,Aktif
35K-4B42B-0000,PLATE SHUTTER,Proses 1,MAS-I,Aktif
KPH-20342-4500,PLATE SLIDE,Proses 1,MAS-I,Aktif
H35-47342-3204,PLATE SLIDE,Proses 1,MAS-I,Aktif
A80-20342-4006,PLATE SLIDE,Proses 1,MAS-I,Aktif
35K-20342-4001,PLATE SLIDE,Proses 1,MAS-I,Aktif
56K-20342-4000,PLATE SLIDE,Proses 1,MAS-I,Aktif
G03-43363-2004,SEAT SPRING,Proses 1,MAS-I,Aktif
F47-46302-0005,SLIDER,Proses 1,MAS-I,Aktif
KAB-20127-4001,SOURCE BLANK,Proses 1,MAS-I,Aktif
KVB-20127-4100,SOURCE BLANK,Proses 1,MAS-I,Aktif
J06-20127-4000,SOURCE BLANK,Proses 1,MAS-I,Aktif
KEH-20127-3200,SOURCE BLANK,Proses 1,MAS-I,Aktif
KEH-20127-3300,SOURCE BLANK,Proses 1,MAS-I,Aktif
KPH-20127-4300,SOURCE BLANK,Proses 1,MAS-I,Aktif
KVY-20127-4001,SOURCE BLANK,Proses 1,MAS-I,Aktif
KYE-20127-4000-0S,SOURCE BLANK,Proses 1,MAS-I,Aktif
KYE-20127-3100-D,SOURCE BLANK,Proses 1,MAS-I,Aktif
GFC-20127-4500,SOURCE BLANK,Proses 1,MAS-I,Aktif
KYZ-20127-4000,SOURCE BLANK,Proses 1,MAS-I,Aktif
KVF-20127-4000,SOURCE BLANK,Proses 1,MAS-I,Aktif
KYZ-20127-4100,SOURCE BLANK,Proses 1,MAS-I,Aktif
KSB-20127-4100,SOURCE BLANK,Proses 1,MAS-I,Aktif
KYE-20127-3001,SOURCE BLANK,Proses 1,MAS-I,Aktif
46K-20127-4001,SOURCE BLANK,Proses 1,MAS-I,Aktif
59K-2A127-4000,SOURCE BLANK,Proses 1,MAS-I,Aktif
KPP-20127-4000,SOURCE BLANK,Proses 1,MAS-I,Aktif
KPP-20127-4100,SOURCE BLANK,Proses 1,MAS-I,Aktif
26K-20127-4000,SOURCE BLANK,Proses 1,MAS-I,Aktif
KPF-20127-3002,SOURCE BLANK,Proses 1,MAS-I,Aktif
45K-20127-4000,SOURCE BLANK,Proses 1,MAS-I,Aktif
K1A-20127-4000-D,SOURCE BLANK,Proses 1,MAS-I,Aktif
HL1-21127-2000,SOURCE BLANK,Proses 1,MAS-I,Aktif
T2A-2B123-S000,SOURCE BLANK KEY EMERGENCY,Proses 1,MAS-I,Aktif
35K-4B327-0000,SPRING PLATE,Proses 1,MAS-I,Aktif
D20-20622-4001,TERMINAL A,Proses 1,MAS-I,Aktif
D20-20623-4001,TERMINAL B,Proses 1,MAS-I,Aktif
D20-20624-4001,TERMINAL C,Proses 1,MAS-I,Aktif
60K-3A132-0001,TERMINAL COIL A,Proses 1,MAS-I,Aktif
60K-3A133-0001,TERMINAL COIL B,Proses 1,MAS-I,Aktif
60K-3A143-0001,TERMINAL COM,Proses 1,MAS-I,Aktif
35K-20650-4000-D,TERMINAL COMP,Proses 1,MAS-I,Aktif
12K-20650-4300,TERMINAL COMP,Proses 1,MAS-I,Aktif
12K-20650-4301,TERMINAL COMP,Proses 1,MAS-I,Aktif
KVB-2222P-S001,TERMINAL CONTACT A,Proses 1,MAS-I,Aktif
KVB-2222Q-S001,TERMINAL CONTACT B,Proses 1,MAS-I,Aktif
G73-22312-H003,TERMINAL HOOK,Proses 1,MAS-I,Aktif
S2X-2042B-8003,TUMBLER DISK 1,Proses 1,MAS-I,Aktif
S2X-2042C-8003,TUMBLER DISK 2,Proses 1,MAS-I,Aktif
S2X-2042D-8103,TUMBLER DISK 3,Proses 1,MAS-I,Aktif
S2X-2042E-8003,TUMBLER DISK 4,Proses 1,MAS-I,Aktif
S2X-2042F-8003,TUMBLER DISK 5,Proses 1,MAS-I,Aktif
S2X-2042G-8004,TUMBLER DISK 6,Proses 1,MAS-I,Aktif
G40-20422-3002-10,TUMBLER DISK I (G40),Proses 1,MAS-I,Aktif
K38-40422-1004,TUMBLER DISK I (K38),Proses 1,MAS-I,Aktif
KGH-20422-4100-01,TUMBLER DISK I (KGH),Proses 1,MAS-I,Aktif
G40-20422-3001-50,TUMBLER DISK II (G40),Proses 1,MAS-I,Aktif
K38-4042A-1004,TUMBLER DISK II (K38),Proses 1,MAS-I,Aktif
KGH-20422-4101-02,TUMBLER DISK II (KGH),Proses 1,MAS-I,Aktif
G40-20422-3002-60,TUMBLER DISK III (G40),Proses 1,MAS-I,Aktif
K38-4042B-1009,TUMBLER DISK III (K38),Proses 1,MAS-I,Aktif
KGH-20422-4101-03,TUMBLER DISK III (KGH),Proses 1,MAS-I,Aktif
A30-46428-0004,TUMBLER STOPPER,Proses 1,MAS-I,Aktif
S2X-2042K-8004,TUMBLER SUB LOCK 1,Proses 1,MAS-I,Aktif
S2X-2042K-8104,TUMBLER SUB LOCK 2,Proses 1,MAS-I,Aktif
S9A-2042K-8202,TUMBLER SUB LOCK 3,Proses 1,MAS-I,Aktif
S9A-2042K-8302,TUMBLER SUB LOCK 4,Proses 1,MAS-I,Aktif
G73-2222K-H002,WASHER,Proses 1,MAS-I,Aktif
SZN-5135C-6200-D,WASHER,Proses 1,MAS-I,Aktif
G37-2214B-B000,WASHER COLLAR,Proses 1,MAS-I,Aktif
R35-2222C-J003,WASHER HATOME,Proses 1,MAS-I,Aktif
T5A-E032L-0001,WASHER LOCK,Proses 1,MAS-I,Aktif
T00-E032L-0000-D,WASHER LOCK,Proses 1,MAS-I,Aktif
KRE-43429-2101,WASHER PACKING,Proses 1,MAS-I,Aktif
G03-43429-2001,WASHER SPACE B,Proses 1,MAS-I,Aktif
60K-3A141-0003,YOKE,Proses 1,MAS-I,Aktif
G73-22151-H003,YOKE,Proses 1,MAS-I,Aktif
MR5-22151-L003,YOKE A,Proses 1,MAS-I,Aktif
KVB-22151-S000,YOKE A,Proses 1,MAS-I,Aktif
MR5-2212E-L003,YOKE B,Proses 1,MAS-I,Aktif
KVB-2212E-S001,YOKE B,Proses 1,MAS-I,Aktif
VM18/341 - 1,E-RING,Proses 1,MIKUNI,Aktif
E401016-1,PLATE,Proses 1,MIKUNI,Aktif
E240004-2,PLATE,Proses 1,MIKUNI,Aktif
E223015-1,PLATE,Proses 1,MIKUNI,Aktif
E406006,PLATE,Proses 1,MIKUNI,Aktif
E163405,STATOR,Proses 1,MIKUNI,Aktif
E401014 a-1,STATOR 1,Proses 1,MIKUNI,Aktif
E401015 a-1,STATOR 2,Proses 1,MIKUNI,Aktif
E401013 a,STATOR-A,Proses 1,MIKUNI,Aktif
AS60/78,TERMINAL,Proses 1,MIKUNI,Aktif
AS60/79,TERMINAL,Proses 1,MIKUNI,Aktif
754-80217,TERMINAL,Proses 1,MIKUNI,Aktif
754-80332,TERMINAL,Proses 1,MIKUNI,Aktif
754-80333,TERMINAL,Proses 1,MIKUNI,Aktif
754-80334,TERMINAL,Proses 1,MIKUNI,Aktif
AS60/60 - 1C,TERMINAL,Proses 1,MIKUNI,Aktif
2ESE-1269/78-1,TERMINAL,Proses 1,MIKUNI,Aktif
2ESE-1269/79-1,TERMINAL,Proses 1,MIKUNI,Aktif
946-06027-1,WASHER,Proses 1,MIKUNI,Aktif
JM713C106BJ,HOLDER,Proses 1,MITSHUBISHI,Aktif
JA834D084BJ,RETAINER,Proses 1,MITSHUBISHI,Aktif
42808-501-21-000,ARMATURE ( ALL TYPE ),Proses 1,MITSUBA,Aktif
50547-255-00,ARMATURE CORE UNIT,Proses 1,MITSUBA,Aktif
50520-255-00,ARMATURE CORE UNIT,Proses 1,MITSUBA,Aktif
50514-255-00,ARMATURE CORE UNIT,Proses 1,MITSUBA,Aktif
25968-361-01,CASE,Proses 1,MITSUBA,Aktif
A1227-495-00-000,CLIP WIRE HARNESS,Proses 1,MITSUBA,Aktif
A6027-277-02-000,CLIP WIRE HARNESS,Proses 1,MITSUBA,Aktif
A3204-266-00-000,CLIP WIRE HARNESS,Proses 1,MITSUBA,Aktif
A0925-846-00-100,CLIP WIRE HARNESS,Proses 1,MITSUBA,Aktif
A6441-062-00,CLIP WIRE HARNESS,Proses 1,MITSUBA,Aktif
42801-421-12-000,CONTACT,Proses 1,MITSUBA,Aktif
25001-460-10-000,CONTACT PLATE - A,Proses 1,MITSUBA,Aktif
25501-480-06-000,CONTACT PLATE - B,Proses 1,MITSUBA,Aktif
25001-480-06-000,CONTACT PLATE - B,Proses 1,MITSUBA,Aktif
A0297-766-00-100,CONTACT PLATE A,Proses 1,MITSUBA,Aktif
A6921-508-00-100,CORE PLATE,Proses 1,MITSUBA,Aktif
53904-521-00,CORE PLATE,Proses 1,MITSUBA,Aktif
A0683-030-00,CORE PLATE,Proses 1,MITSUBA,Aktif
A6867-541-00,CORE PLATE,Proses 1,MITSUBA,Aktif
42801-661-12-000,CORE PLATE,Proses 1,MITSUBA,Aktif
A0125-201-00-000,CORE PLATE XA361,Proses 1,MITSUBA,Aktif
51501-255-01-000,CORE UNIT,Proses 1,MITSUBA,Aktif
A7227-357-00,CORE UNIT,Proses 1,MITSUBA,Aktif
54424-252-11,CORE UNIT,Proses 1,MITSUBA,Aktif
51507-255-01,CORE UNIT,Proses 1,MITSUBA,Aktif
A2052-919-00-000,CORE UNIT ( GBJT),Proses 1,MITSUBA,Aktif
53904-252-00-000,CORE UNIT ( KEH/KEG),Proses 1,MITSUBA,Aktif
A6313-230-00-000,CORE UNIT ( KVBF / KVB ),Proses 1,MITSUBA,Aktif
54424-481-10-000,EARTH LUG,Proses 1,MITSUBA,Aktif
54424-505-02-000,END LUG,Proses 1,MITSUBA,Aktif
A9421-315-0,HOUSING PUMP,Proses 1,MITSUBA,Aktif
25001-910-13-000,LEAD PLATE,Proses 1,MITSUBA,Aktif
42801-382-02-000,LUG - A,Proses 1,MITSUBA,Aktif
42801-383-12-000,LUG - B,Proses 1,MITSUBA,Aktif
A3986-045-00-000,LUG GROUND,Proses 1,MITSUBA,Aktif
54101-481-00-000,LUG GROUND - A,Proses 1,MITSUBA,Aktif
53904-481-00-000,LUG GROUND - A,Proses 1,MITSUBA,Aktif
A8455-221-00-000,LUG GROUND - A,Proses 1,MITSUBA,Aktif
A9307-073-00-000,LUG GROUND - A,Proses 1,MITSUBA,Aktif
A9703-985-00-000,LUG GROUND - A,Proses 1,MITSUBA,Aktif
53911-410-01-000,LUG GROUND - B,Proses 1,MITSUBA,Aktif
A6422-996-00-000,LUG GROUND - B,Proses 1,MITSUBA,Aktif
A8861-548-00-000,LUG GROUND D,Proses 1,MITSUBA,Aktif
A0438-458-00-000,LUG GROUND E,Proses 1,MITSUBA,Aktif
50547-761-02-000,LUG TERMINAL,Proses 1,MITSUBA,Aktif
53812-443-00,MAGNET POLE,Proses 1,MITSUBA,Aktif
A3992-839-01,PLATE A,Proses 1,MITSUBA,Aktif
42808-481-12-000,SPRING,Proses 1,MITSUBA,Aktif
50842-565-11-000,SUPPORT THRUST,Proses 1,MITSUBA,Aktif
50511-612-00-000,TERMINAL,Proses 1,MITSUBA,Aktif
50520-612-00-000,TERMINAL,Proses 1,MITSUBA,Aktif
54401-510-21-000,TERMINAL,Proses 1,MITSUBA,Aktif
B7097-905-00-000,TERMINAL,Proses 1,MITSUBA,Aktif
50546-612-00-000,TERMINAL,Proses 1,MITSUBA,Aktif
A2846-860-01-000,TERMINAL,Proses 1,MITSUBA,Aktif
A8415-357-01,TERMINAL,Proses 1,MITSUBA,Aktif
A8165-063-00-000,TERMINAL,Proses 1,MITSUBA,Aktif
A4775-792-00,TERMINAL,Proses 1,MITSUBA,Aktif
A2137-086-00,TERMINAL,Proses 1,MITSUBA,Aktif
A4209-688-00-000,TERMINAL - 24,Proses 1,MITSUBA,Aktif
53904-515-00-0000,TERMINAL - A,Proses 1,MITSUBA,Aktif
54101-515-00-000,TERMINAL - A,Proses 1,MITSUBA,Aktif
A8383-574-00-000,TERMINAL - A,Proses 1,MITSUBA,Aktif
A0011-890-00-000,TERMINAL - A,Proses 1,MITSUBA,Aktif
42801-542-01-000,TERMINAL - B,Proses 1,MITSUBA,Aktif
42801-543-02-000,TERMINAL - L,Proses 1,MITSUBA,Aktif
A6940-439-00,TERMINAL 025 A,Proses 1,MITSUBA,Aktif
A9046-408-00,TERMINAL 025 B,Proses 1,MITSUBA,Aktif
A8919-808-00,TERMINAL 110,Proses 1,MITSUBA,Aktif
A0943-814-01,TERMINAL BUS,Proses 1,MITSUBA,Aktif
A0745-990-03-000,TERMINAL CASE,Proses 1,MITSUBA,Aktif
50521-612-01-000,TERMINAL MA BLADE,Proses 1,MITSUBA,Aktif
25503-541-13-000,TERMINAL PLATE,Proses 1,MITSUBA,Aktif
25022-521-03-000,TERMINAL PLATE,Proses 1,MITSUBA,Aktif
25296-521-00-000,TERMINAL PLATE,Proses 1,MITSUBA,Aktif
25542-541-11-000,TERMINAL PLATE,Proses 1,MITSUBA,Aktif
A7941-513-00,THRUST PLATE,Proses 1,MITSUBA,Aktif
33822-662-00,TRUSH PLATE B,Proses 1,MITSUBA,Aktif
A2016-197-00-000,WASHER,Proses 1,MITSUBA,Aktif
50511-620-01-100,WASHER EXTL TOOTH LOCK,Proses 1,MITSUBA,Aktif
A6054-934-00-100,WASHER EXTL TOOTH LOCK,Proses 1,MITSUBA,Aktif
A4795-732-00-100,YOKE,Proses 1,MITSUBA,Aktif
A5941-956-00-100,YOKE,Proses 1,MITSUBA,Aktif
A5656-486-00-100,YOKE (SM05),Proses 1,MITSUBA,Aktif
07-32141-51-0,BRACKET,Proses 1,NIDEC INSTRUMENTS,Aktif
08-42034-01-0,CAP,Proses 1,NIDEC INSTRUMENTS,Aktif
M89A133A01,CASE,Proses 1,NIDEC INSTRUMENTS,Aktif
07-42168-51-0,CRANK,Proses 1,NIDEC INSTRUMENTS,Aktif
60-32007-51-2,FIELD PLATE,Proses 1,NIDEC INSTRUMENTS,Aktif
60-32002-52-0,FIELD PLATE,Proses 1,NIDEC INSTRUMENTS,Aktif
11-32504-52-0,FIELD PLATE,Proses 1,NIDEC INSTRUMENTS,Aktif
50-32044,FIELD PLATE,Proses 1,NIDEC INSTRUMENTS,Aktif
07-32106-56-0,FIELD PLATE,Proses 1,NIDEC INSTRUMENTS,Aktif
51-32047-51-0,FIELD PLATE A,Proses 1,NIDEC INSTRUMENTS,Aktif
53-32026-51-0,FIELD PLATE A,Proses 1,NIDEC INSTRUMENTS,Aktif
51-32046-51-0,FIELD PLATE B,Proses 1,NIDEC INSTRUMENTS,Aktif
08-42507-52-0,FIXED YOKE,Proses 1,NIDEC INSTRUMENTS,Aktif
08-42213-51-0,FIXED YOKE,Proses 1,NIDEC INSTRUMENTS,Aktif
08-42265-52-0,FIXED YOKE,Proses 1,NIDEC INSTRUMENTS,Aktif
08-42168-52-0,FIXED YOKE,Proses 1,NIDEC INSTRUMENTS,Aktif
08-42302-51-0,FIXED YOKE,Proses 1,NIDEC INSTRUMENTS,Aktif
08-42343-01-0,FIXED YOKE,Proses 1,NIDEC INSTRUMENTS,Aktif
08-42372-01-0,FIXED YOKE,Proses 1,NIDEC INSTRUMENTS,Aktif
08-42102-01-0,FLY WHEEL,Proses 1,NIDEC INSTRUMENTS,Aktif
08-42195-01-0,FLY WHEEL,Proses 1,NIDEC INSTRUMENTS,Aktif
51-32043-51-0,GEAR BOX COVER,Proses 1,NIDEC INSTRUMENTS,Aktif
51-32044-51-0,GEAR BOX COVER,Proses 1,NIDEC INSTRUMENTS,Aktif
51-32052-51-0,GEAR BOX COVER,Proses 1,NIDEC INSTRUMENTS,Aktif
51-32022-52-0,GEAR BOX COVER,Proses 1,NIDEC INSTRUMENTS,Aktif
51-32103-51-0,GEAR BOX COVER,Proses 1,NIDEC INSTRUMENTS,Aktif
51-32105-51-0,GEAR BOX COVER,Proses 1,NIDEC INSTRUMENTS,Aktif
51-32104-51-0,GEAR BOX COVER,Proses 1,NIDEC INSTRUMENTS,Aktif
51-32045-51-0,GEAR BOX COVER,Proses 1,NIDEC INSTRUMENTS,Aktif
53-32005-51-0,GEAR BOX COVER,Proses 1,NIDEC INSTRUMENTS,Aktif
53-32011-51-0,GEAR BOX COVER,Proses 1,NIDEC INSTRUMENTS,Aktif
53-32012-51-0,GEAR BOX COVER,Proses 1,NIDEC INSTRUMENTS,Aktif
53-32013-51-0,GEAR BOX COVER,Proses 1,NIDEC INSTRUMENTS,Aktif
53-32014-51-0,GEAR BOX COVER,Proses 1,NIDEC INSTRUMENTS,Aktif
53-32019-51-0,GEAR BOX COVER,Proses 1,NIDEC INSTRUMENTS,Aktif
53-32022-51-0,GEAR BOX COVER,Proses 1,NIDEC INSTRUMENTS,Aktif
53-32023-51-0,GEAR BOX COVER,Proses 1,NIDEC INSTRUMENTS,Aktif
53-32030-01-0,GEAR BOX COVER,Proses 1,NIDEC INSTRUMENTS,Aktif
11-32503-52-0,GEAR BOX COVER,Proses 1,NIDEC INSTRUMENTS,Aktif
51-32067-01-0,GEAR BOX COVER,Proses 1,NIDEC INSTRUMENTS,Aktif
51-32013-51-0,GEAR BOX COVER,Proses 1,NIDEC INSTRUMENTS,Aktif
51-32069-01-0,GEAR BOX COVER,Proses 1,NIDEC INSTRUMENTS,Aktif
07-32107-51-0,GEAR BOX COVER,Proses 1,NIDEC INSTRUMENTS,Aktif
07-32107-52-0,GEAR BOX COVER,Proses 1,NIDEC INSTRUMENTS,Aktif
07-32107-53-0,GEAR BOX COVER,Proses 1,NIDEC INSTRUMENTS,Aktif
07-32107-55-0,GEAR BOX COVER,Proses 1,NIDEC INSTRUMENTS,Aktif
51-32048-51-0,GEAR PLATE,Proses 1,NIDEC INSTRUMENTS,Aktif
53-32020-51-0,GEAR PLATE,Proses 1,NIDEC INSTRUMENTS,Aktif
53-32027-51-0,GEAR PLATE,Proses 1,NIDEC INSTRUMENTS,Aktif
11-32508-52-0,GEAR PLATE,Proses 1,NIDEC INSTRUMENTS,Aktif
11-32816-01-0,GEAR PLATE,Proses 1,NIDEC INSTRUMENTS,Aktif
51-32074-01-0,GEAR PLATE,Proses 1,NIDEC INSTRUMENTS,Aktif
08-32107510-51-0,GEAR PLATE,Proses 1,NIDEC INSTRUMENTS,Aktif
08-42305-01-0,JUMPER WIRE,Proses 1,NIDEC INSTRUMENTS,Aktif
08-42320-01-0,JUMPER WIRE,Proses 1,NIDEC INSTRUMENTS,Aktif
07-42312-51-0,MOUNTING PLATE,Proses 1,NIDEC INSTRUMENTS,Aktif
07-32145-51-0,MOUNTING PLATE,Proses 1,NIDEC INSTRUMENTS,Aktif
07-32147-51-0,MOUNTING PLATE,Proses 1,NIDEC INSTRUMENTS,Aktif
07-32073-51-0,MOUNTING PLATE,Proses 1,NIDEC INSTRUMENTS,Aktif
09-32058-51-0,MOUNTING PLATE,Proses 1,NIDEC INSTRUMENTS,Aktif
51-32066-01-0,MOUNTING PLATE,Proses 1,NIDEC INSTRUMENTS,Aktif
07-32126-51-0,MOUNTING PLATE,Proses 1,NIDEC INSTRUMENTS,Aktif
08-32120-51-0,MOUNTING PLATE S1,Proses 1,NIDEC INSTRUMENTS,Aktif
M74A463A01,PLATE U,Proses 1,NIDEC INSTRUMENTS,Aktif
08-42273-52-0,PLUNGER YOKE,Proses 1,NIDEC INSTRUMENTS,Aktif
08-42266-52-0,PLUNGER YOKE,Proses 1,NIDEC INSTRUMENTS,Aktif
08-42214-51-0,PLUNGER YOKE,Proses 1,NIDEC INSTRUMENTS,Aktif
08-42342-01-0,PLUNGER YOKE,Proses 1,NIDEC INSTRUMENTS,Aktif
08-42167-52-0,PLUNGER YOKE,Proses 1,NIDEC INSTRUMENTS,Aktif
08-42371-01-0,PLUNGER YOKE,Proses 1,NIDEC INSTRUMENTS,Aktif
06-42426-01-0,ROTOR SPRING,Proses 1,NIDEC INSTRUMENTS,Aktif
08-42264-01-0,SHADINGT BOR,Proses 1,NIDEC INSTRUMENTS,Aktif
08-42272-01-0,SHADINGT BOR,Proses 1,NIDEC INSTRUMENTS,Aktif
08-42171-01-0,SHADINGT BOR,Proses 1,NIDEC INSTRUMENTS,Aktif
08-42369-01-0,SHADINGT BOR,Proses 1,NIDEC INSTRUMENTS,Aktif
51-32058-52-0,STATOR CUP,Proses 1,NIDEC INSTRUMENTS,Aktif
51-32012-53-0,STATOR CUP,Proses 1,NIDEC INSTRUMENTS,Aktif
11-32815-01-0,STATOR CUP,Proses 1,NIDEC INSTRUMENTS,Aktif
06-42366-02-0,WASHER,Proses 1,NIDEC INSTRUMENTS,Aktif
07-42048-01-0,WASHER,Proses 1,NIDEC INSTRUMENTS,Aktif
06-42025-01-0,WASHER - 1,Proses 1,NIDEC INSTRUMENTS,Aktif
2278930-3 E2,A8L,Proses 1,OMI,Aktif
2278932-0 D2,A8L,Proses 1,OMI,Aktif
2278931-1 D2,A8L,Proses 1,OMI,Aktif
2278933-8 D2,A8L,Proses 1,OMI,Aktif
6449448-6 B,C2C-4V,Proses 1,OMI,Aktif
6449447-8,C2C-4V,Proses 1,OMI,Aktif
4346900-7 D2,C5MS,Proses 1,OMI,Aktif
9425266-5 A,D3V,Proses 1,OMI,Aktif
6449613-6,D3V,Proses 1,OMI,Aktif
6449614-4,D3V,Proses 1,OMI,Aktif
6449616-0,D3V,Proses 1,OMI,Aktif
6449615-2,D3V,Proses 1,OMI,Aktif
6449639-0 B,D3V,Proses 1,OMI,Aktif
6449638-1 B,D3V,Proses 1,OMI,Aktif
6473807-5 B,E3 JK-5L-N-OMC,Proses 1,OMI,Aktif
9413447-6 B,E32Z2-R61,Proses 1,OMI,Aktif
2261576-3 A,E39-L104,Proses 1,OMI,Aktif
OER-EL405-3106 A2,EL405,Proses 1,OMI,Aktif
TMP-G2RG-251121-01,G2RG-24,Proses 1,OMI,Aktif
2230958-1 A,G4R-1A21T,Proses 1,OMI,Aktif
2388001-0 A1,G5PA-1,Proses 1,OMI,Aktif
3360509-7 A,G5PA-1,Proses 1,OMI,Aktif
2388000-2 B,G5PA-1,Proses 1,OMI,Aktif
4379955 - 4 D,G5SB,Proses 1,OMI,Aktif
4379967-8 B,G5SB,Proses 1,OMI,Aktif
3483446-0 E3,G7L-1A-T,Proses 1,OMI,Aktif
9425098-0 B2,G7L-1A-T-CB-BS,Proses 1,OMI,Aktif
TMP-18011,G7L-2A-P,Proses 1,OMI,Aktif
4376350-9 A,G7L-2A-P-FP,Proses 1,OMI,Aktif
9425101-4 A,G7L-2A-P-FP,Proses 1,OMI,Aktif
9425104-9 B,G7L-2A-P-FP,Proses 1,OMI,Aktif
3483447-9 E1,G7L-2A-T,Proses 1,OMI,Aktif
3483453-3 D3,G7L-2A-T,Proses 1,OMI,Aktif
1341033-4 E2,G7L-2A-T,Proses 1,OMI,Aktif
5403009-0 B2,G7L-2A-T,Proses 1,OMI,Aktif
5403008-2 B2,G7L-2A-T,Proses 1,OMI,Aktif
5443080-3 A3,G7L-2A-T,Proses 1,OMI,Aktif
2488034-0 E3,G7L-2A-T,Proses 1,OMI,Aktif
4429459-6 B,G7L-2A-T,Proses 1,OMI,Aktif
0405009 A2,G7L-2A-T-FP,Proses 1,OMI,Aktif
9100968-9 A,G7L-2A-X,Proses 1,OMI,Aktif
9100986-7 A,G7L-2A-X,Proses 1,OMI,Aktif
1472999-7 B3,G7L/G5D 2242T,Proses 1,OMI,Aktif
9424871-4 A,G8P-1A4TP,Proses 1,OMI,Aktif
9424852-8 A,G8P-1CP,Proses 1,OMI,Aktif
4379946-5 B1,G8P-1CP,Proses 1,OMI,Aktif
9200889-9 H,G9TA ITRON,Proses 1,OMI,Aktif
9200890-2 B1,G9TA K1A-ITR1,Proses 1,OMI,Aktif
TMP-OMI-050615-001 E,G9TA MELCOINDA,Proses 1,OMI,Aktif
TMP-OMI-090715-002 A,G9TA PANGGUNG ELECTRIC CITABUANA,Proses 1,OMI,Aktif
TMP-OMI-090715-003 A,G9TA PANGGUNG ELECTRIC CITABUANA,Proses 1,OMI,Aktif
TMP-OMI-090715-001 A,G9TA PANGGUNG ELECTRIC CITRABUANA,Proses 1,OMI,Aktif
3107148-2 A,G9TA SMART METER,Proses 1,OMI,Aktif
9523919-0 B,G9TA-K1A,Proses 1,OMI,Aktif
9523919-0 A,G9TA-K1A,Proses 1,OMI,Aktif
9523922-0 A,G9TA-K1A,Proses 1,OMI,Aktif
9523918-2 A,G9TA-K1A,Proses 1,OMI,Aktif
9523916-6 B,G9TA-K1A,Proses 1,OMI,Aktif
1695463-7 A,G9TA-MCD1,Proses 1,OMI,Aktif
3107147- 4 A,G9TA-SMI1,Proses 1,OMI,Aktif
3107150-4 A,G9TA-SMI2,Proses 1,OMI,Aktif
3777155-9 A,G9TB,Proses 1,OMI,Aktif
3777150-8 A,G9TB,Proses 1,OMI,Aktif
3777151-6 A,G9TB,Proses 1,OMI,Aktif
3777152-4 A,G9TB,Proses 1,OMI,Aktif
3777153-2 A,G9TB,Proses 1,OMI,Aktif
3777154-0 A1,G9TB,Proses 1,OMI,Aktif
3777160-5 A,G9TB,Proses 1,OMI,Aktif
3777158-3 A,G9TB,Proses 1,OMI,Aktif
3777149-4 A,G9TB,Proses 1,OMI,Aktif
3777163-0 A,G9TB,Proses 1,OMI,Aktif
3606092-6 A,G9TB-E,Proses 1,OMI,Aktif
5638533-3 A,H3CR-F,Proses 1,OMI,Aktif
0483068-1 G,LY 1,Proses 1,OMI,Aktif
0354649-1 Q,LY 4,Proses 1,OMI,Aktif
4379921-0 A,MK3P-S,Proses 1,OMI,Aktif
PC1404-3113 A,PC1404,Proses 1,OMI,Aktif
5452922-2 A,SS-01-2,Proses 1,OMI,Aktif
5452923-0 A2,SS-01-3,Proses 1,OMI,Aktif
5469040-6 B,SS-5-2,Proses 1,OMI,Aktif
5469041-4 A1,SS-5-3 (NB),Proses 1,OMI,Aktif
9431318-4 A,SS-5GL,Proses 1,OMI,Aktif
5493123-3 B,V (N),Proses 1,OMI,Aktif
2244068-8 A2,Z-15GQ-MA,Proses 1,OMI,Aktif
35200-MGE-6430-M1,BASE H,Proses 1,TOYODENSO,Aktif
59026-1063,BASE PLATE,Proses 1,TOYODENSO,Aktif
35130-MLZA-EB10-M1,"CLAMP, CORD",Proses 1,TOYODENSO,Aktif
37700-K48-A010-M1,COLLAR,Proses 1,TOYODENSO,Aktif
35170-K59-A110-M1,CONTACT D,Proses 1,TOYODENSO,Aktif
35150-KYZ-V010-M1,CONTACT LT SWITCH,Proses 1,TOYODENSO,Aktif
35170-KYZ-9010-M1,CONTACT SWITCH,Proses 1,TOYODENSO,Aktif
35130-MLL-D110-M1,COVER,Proses 1,TOYODENSO,Aktif
710009304,"PLATE, SET",Proses 1,TOYODENSO,Aktif
BRS-8291L-00,"PLATE, YCC-S",Proses 1,TOYODENSO,Aktif
P25049,RECT PLATE (TYPE-C),Proses 1,TOYODENSO,Aktif
P25048,RECT TERMINAL (TYPE-C),Proses 1,TOYODENSO,Aktif
P21904-03,SPRING PLATE,Proses 1,TOYODENSO,Aktif
30510-KPH-7010-M1,TAB TERMINAL 2,Proses 1,TOYODENSO,Aktif
35300-TVO-0030,TERMINAL,Proses 1,TOYODENSO,Aktif
P22192-02,TERMINAL,Proses 1,TOYODENSO,Aktif
39630-K41-N210-M1,TERMINAL A,Proses 1,TOYODENSO,Aktif
P22510-01,TERMINAL A,Proses 1,TOYODENSO,Aktif
P22511-02,TERMINAL B,Proses 1,TOYODENSO,Aktif
P22448-03,TERMINAL INTR,Proses 1,TOYODENSO,Aktif
35300-TAAA-J010-M1-A,TERMINAL TAA,Proses 1,TOYODENSO,Aktif
35200-K03-N310-M1,TERMINAL WA,Proses 1,TOYODENSO,Aktif
35200-K03S-N310-M1,TERMINAL WB,Proses 1,TOYODENSO,Aktif
12K-20651-4000-D,BUSBAR,Proses 1,TSHUCIYA,Aktif
12K-20651-4000,BUSBAR,Proses 1,TSHUCIYA,Aktif
35K-H2111-0000,KNOB PLATE (NEW),Proses 1,TSHUCIYA,Aktif
B8A-8135H-00,CASE,Proses 1,YEID,Aktif
2S5-H1328-00,CLAMP,Proses 1,YEID,Aktif
B5D-81328-00,CLAMP,Proses 1,YEID,Aktif
B3W-81328-00,CLAMP,Proses 1,YEID,Aktif
BST-81328-00,CLAMP,Proses 1,YEID,Aktif
2S5-H131K-00,CORE COMP. 2,Proses 1,YEID,Aktif
5D9-H131K-00,CORE COMP. 2,Proses 1,YEID,Aktif
5ER-H5592-10,STAY PULSER,Proses 1,YEID,Aktif
5TP-H5592-00,STAY PULSER,Proses 1,YEID,Aktif
5D9-85592-00,STAY PULSER,Proses 1,YEID,Aktif
18D-85592-00,STAY PULSER,Proses 1,YEID,Aktif
5TN-H1925-00,TERMINAL,Proses 1,YEID,Aktif
1WD-8184F-00,TERMINAL 2,Proses 1,YEID,Aktif
B5D-85562-00,TERMINAL 2,Proses 1,YEID,Aktif
B3W-85562-00,TERMINAL 2,Proses 1,YEID,Aktif
5AU-8232X-01,TERMINAL EARTH,Proses 1,YEID,Aktif
5TN-H5577-00,TERMINAL WELD,Proses 1,YEID,Aktif
